Processed;nodee0584e89ab619cea429fcfa593814e81.html;[color, nexu, nexu, nexu, nexu, g4, g4, g4, g4, g4, g4, g4, g4, g4, g4, g4, g4, g4, g4, g4, 4, 4, 6, 6, iphon, on, on, 32gb, 32gb, 32gb, 32gb, 32gb, 32gb, 32gb, 32gb, 32gb, 32gb, 32gb, 32gb, 32gb, 32gb, 32gb, leather black, leather black, leather black, leather black, leather black, leather black, leather black, leather black, leather black, leather black, leather black, leather black, black, black, black, black, black, black, black, black, black, black, black, black, black, black, black, lg g4, lg g4, lg g4, lg g4, lg g4, lg g4, lg g4, lg g4, lg g4, lg g4, lg g4, lg g4, lg g4, lg g4, plastic, smartphon, smartphon, smartphon, smartphon, smartphon, smartphon, smartphon, t, t, t, specifi, specifi, 3, 3, 3, 3, 3, 3, 3, 3, 4, 4, 5, 5, 5, 5, 5, 5, 5, 5, 5, 5, 4.5, t, t, t, lg, lg, lg, lg, lg, lg, lg, lg, lg, lg, lg, lg, lg, lg, lg, lg, lg, lg, lg, lg, 3gb, 3gb, 3gb, 5, 5, 5, 5, 5, 5, 5, 5, 5, 5, 4.5, 5.5, 5.5, 5.5, 5.5, 5.5, 5.5]
Processed;nodee56666dce88a09814c7eeec523c6273.html;[iphon 4s, iphon 4s, iphon 4s, iphon 4s, iphon 4s, iphon 4s, iphon 4s, iphon 4s, iphon 4s, iphon, iphon, iphon, iphon, iphon, iphon, iphon, iphon, iphon, iphon, iphon, iphon, iphon, on, on, color, 32gb, 16gb, 16gb, 16gb, 16gb, 16gb, 16gb, 16gb, smartphon, smartphon, smartphon, smartphon, smartphon, smartphon, smartphon, smartphon, smartphon, smartphon, smartphon, black, black, black, black, white, white, white, white, specifi, specifi, iphon 4s 16gb, iphon 4s 16gb, iphon 4s 16gb, iphon 4s 16gb, iphon 4s 16gb, 3, 3, 3, 5, 5, 5, appl, appl, appl, appl, appl, appl, appl, 5, 5, 5]
Processed;nodee7695f362ecb33962e6a3cc57df1fcdc.html;[iphon 4s, on, on, on, iphon 5s, iphon 5c, iphon 5c, iphon 5c, iphon 5c, iphon 5c, iphon 5c, iphon 5c, iphon 5c, iphon 5c, iphon 5c, iphon 5c, iphon 5c, iphon 5c, iphon 5c, iphon 5c, iphon 5c, iphon 5c, iphon 5c, 4, 4, 4, 4, 6, iphon, iphon, iphon, iphon, iphon, iphon, iphon, iphon, iphon, iphon, iphon, iphon, iphon, iphon, iphon, iphon, iphon, iphon, iphon, iphon, iphon, iphon, iphon, iphon, color, color, color, color, color, appl a6, 16gb, 16gb, 16gb, 16gb, 16gb, 32 gb, 32gb, 32gb, 32gb, 32gb, 32gb, 32gb, 32gb, 32gb, smartphon, pink, pink, pink, yellow, yellow, yellow, white, white, white, green, green, green, black, black, black, black, blue, blue, blue, io 7, io 7, io 8, io 8, io 8, 3, 3, 3, 3.1, 4, 4, 4, 4, 5, 5, 5, 5, 5, 5, 4.6, 4.6, 4.66 oz, appl, appl, appl, appl, appl, appl, appl, appl, appl, appl, appl, appl, appl, appl, appl, appl, appl, appl, appl, appl, appl, appl, appl, appl, appl, samsung, samsung, samsung, samsung, samsung, samsung, samsung, samsung, samsung, samsung, samsung, samsung, samsung, samsung, samsung, samsung, 5, 5, 5, 5, 5, 5, 1 gb]
Processed;nodee986524880bf70544e4cabe56766a8b6.html;[color, color, m9, m9, m9, m9, m9, m9, m9, m9, m9, m9, m9, m9, m9, m9, m9, m9, 4, 4, 4, 4, 6, 6, 6, 6, on, on, on, on, on, on, on, on, on, on, on, on, on, on, on, on, on, on, on, on, 32gb, 32gb, 32gb, 32gb, 32gb, 32gb, 32gb, 32gb, 32gb, 32gb, 32gb, 32gb, 32gb, 32gb, 32gb, 32gb, 32gb, 32gb, 32gb, 32gb, 32gb, gunmet grai, gunmet grai, gunmet grai, gunmet grai, gunmet grai, gunmet grai, gunmet grai, gunmet grai, gunmet grai, gunmet grai, gunmet grai, grai, grai, grai, grai, grai, grai, grai, grai, grai, grai, grai, grai, grai, grai, grei, htc on m8, htc on m9, htc on m9, htc on m9, htc on m9, htc on m9, htc on m9, htc on m9, htc on m9, htc on m9, htc on m9, htc on m9, htc on m9, htc on m9, htc on m9, htc on m9, 5.54 oz, 2840 mah, 2840 mah, 0.38, smartphon, smartphon, smartphon, smartphon, smartphon, smartphon, smartphon, smartphon, smartphon, smartphon, smartphon, smartphon, smartphon, smartphon, smartphon, smartphon, smartphon, smartphon, smartphon, t, t, t, t, t, t, t, t, t, t, t, t, t, t, t, t, t, t mobil, specifi, specifi, 2.74, 3, 3, 3, 3, 3, 3, 3, 3, 4, 4, 4, 4, 5, 5, 5, 5, 5, 5, 5, 5, 5, t, t, t, t, t, t, t, t, t, t, t, t, t, t, t, t, t, t mobil, htc, htc, htc, htc, htc, htc, htc, htc, htc, htc, htc, htc, htc, htc, htc, htc, htc, htc, htc, htc, htc, htc, htc, htc, htc, htc, 5.69, 5, 5, 5, 5, 5, 5, 5, 5, 5, 4.9]
Processed;nodeea7a91219bc1ad66eae7f85761a85066.html;[color, nexu, nexu, nexu, nexu, galaxi, g4, g4, g4, g4, g4, g4, g4, g4, g4, g4, g4, g4, g4, g4, 6, 6, iphon, on, on, android phone, smartphon, smartphon, smartphon, smartphon, 32gb, 32gb, 32gb, 32gb, 32gb, 32gb, 32gb, 32gb, 32gb, 32gb, 32gb, 32gb, 32gb, 32gb, 32gb, 32gb, leather brown, leather brown, leather brown, leather brown, leather brown, leather brown, leather brown, leather brown, leather brown, leather brown, leather brown, leather brown, lg g4, lg g4, lg g4, lg g4, lg g4, lg g4, lg g4, lg g4, lg g4, lg g4, lg g4, lg g4, lg g4, specifi, 3, 3, 5, 5, 5, 5, 5, 5, 5, 5, 5, 5, samsung, lg, lg, lg, lg, lg, lg, lg, lg, lg, lg, lg, lg, lg, lg, lg, lg, lg, lg, lg, lg, 3gb, 3gb, 3gb, 3gb, 3gb, 3gb, 3gb, 5, 5, 5, 5, 5, 5, 5, 5, 5, 5, 5.5, 5.5, 5.5, 5.5, 5.5, 5.5, 5.5, 5.5]
Processed;nodeeea2f969ddce401fecb1f2eaec4a8cc.html;[color, color, m9, m9, m9, m9, m9, m9, m9, m9, m9, m9, m9, m9, m9, m9, m9, m9, m9, 4, 4, 6, 6, on, on, on, on, on, on, on, on, on, on, on, on, on, on, on, on, on, on, on, 32gb, 32gb, 32gb, 32gb, 32gb, 32gb, 32gb, 32gb, 32gb, 32gb, 32gb, 32gb, 32gb, 32gb, 32gb, 32gb, 32gb, 32gb, 32gb, 32gb, gunmet grai, gunmet grai, gunmet grai, gunmet grai, gunmet grai, gunmet grai, gunmet grai, gunmet grai, gunmet grai, gunmet grai, gunmet grai, grai, grai, grai, grai, grai, grai, grai, grai, grai, grai, grai, grai, grai, htc on m9, htc on m9, htc on m9, htc on m9, htc on m9, htc on m9, htc on m9, htc on m9, htc on m9, htc on m9, htc on m9, htc on m9, htc on m9, htc on m9, htc on m9, 5.54 oz, 2840 mah, 2840 mah, 0.38, smartphon, smartphon, smartphon, smartphon, smartphon, smartphon, smartphon, smartphon, smartphon, smartphon, smartphon, smartphon, smartphon, smartphon, smartphon, sprint, t, t, t, t, t, t, t, t, t, t, t, t, t, t, t, t, t, t, t, t, t, t mobil, t mobil, specifi, specifi, 2.74, 3, 3, 3, 3, 3, 4, 4, 5, 5, 5, 5, 5, t, t, t, t, t, t, t, t, t, t, t, t, t, t, t, t, t, t, t, t, t, t mobil, t mobil, htc, htc, htc, htc, htc, htc, htc, htc, htc, htc, htc, htc, htc, htc, htc, htc, htc, htc, htc, htc, htc, htc, htc, htc, htc, htc, htc, 5.69, 5, 5, 5, 5, 5]
Processed;nodeeee1d5b23a8fce6c28b3f6c0eb4a65.html;[xperia, xperia, xperia, xperia, xperia, xperia, xperia, xperia, xperia, xperia, 4, 4, 6, 6, 6, 6, z5, z5, z5, z5, z5, z5, z5, z5, z5, z5, z5, on, on, on, color, 32gb, 32gb, 32gb, 32gb, 32gb, 32gb, 32gb, 32gb, 32gb, chrome, chrome, chrome, chrome, black, black, gold, white, soni xperia z5 premium, soni xperia z5 premium, soni xperia z5 premium, soni xperia z5 premium, soni xperia z5 premium, soni xperia z5 premium, soni xperia z5 premium, plastic, smartphon, smartphon, smartphon, smartphon, smartphon, smartphon, smartphon, specifi, 3, 3, 3, 3, 3, 3, 4, 4, 5, 5, 5, 5, 4.5, soni, soni, soni, soni, soni, soni, soni, soni, soni, soni, soni, samsung, 3gb, 3gb, 5, 5, 5, 5, 4.5]
Processed;nodeeef8b7661dbb5cfde430676c2bb3ec53.html;[iphon 5s, iphon 5s, iphon 5s, iphon 5s, iphon 5s, iphon 5s, iphon 5s, iphon 5s, galaxi, 4, 4, iphon, iphon, iphon, iphon, iphon, iphon, iphon, iphon, iphon, iphon, iphon, iphon, iphon, on, on, on, on, on, on, on, on, on, on, on, appl a7, appl a7, 32gb, 32gb, 32gb, 32gb, 32gb, 32gb, grei, grei, grei, grei, grei, grei, iphon 5s 32gb, iphon 5s 32gb, iphon 5s 32gb, iphon 5s 32gb, aluminum, plastic, smartphon, smartphon, io 7, 3, 3, 3, 4, 4, 5, 5, soni, soni, soni, soni, soni, soni, soni, soni, soni, appl, appl, appl, appl, appl, appl, appl, appl, appl, appl, samsung, 1gb, 5, 5]
Processed;nodef0ced9e4e998d84a91147a4ed92be.html;[color, color, galaxi, galaxi, galaxi, galaxi, galaxi, galaxi, galaxi, galaxi, galaxi, galaxi, galaxi, galaxi, galaxi, galaxi, galaxi, galaxi, galaxi, galaxi, galaxi, galaxi, galaxi, galaxi, galaxi, galaxi, galaxi, galaxi, galaxi, galaxi, galaxi, galaxi, on, s6, s6, s6, s6, s6, s6, s6, s6, s6, s6, s6, s6, s6, s6, s6, s6, s6, s6, s6, s6, s6, s6, s6, s6, s6, s6, s6, s6, s6, s6, s6 edg, s6 edg, s6 edg, s6 edg, s6 edg, s6 edg, s6 edg, s6 edg, s6 edg, s6 edg, s6 edg, s6 edg, s6 edg, s6 edg, s6 edg, s6 edg, s6 edg, s6 edg, s6 edg, s6 edg, s6 edg, s6 edg, s6 edg, s6 edg, s6 edg, s6 edg, s6 edg, 4, 4, 4, 64gb, 64gb, 64gb, 32gb, 32gb, 32gb, 32gb, 32gb, 32gb, 32gb, 32gb, 32gb, gold, black sapphir, black sapphir, black, black, black, black, black, black, black, samsung galaxi s6 32gb, samsung galaxi s6 edg, samsung galaxi s6 edg, samsung galaxi s6 edg, samsung galaxi s6 edg, samsung galaxi s6 edg, samsung galaxi s6 edg, samsung galaxi s6 edg, samsung galaxi s6 edg, samsung galaxi s6 edg, samsung galaxi s6 edg, samsung galaxi s6 edg, samsung galaxi s6 edg, samsung galaxi s6 edg, samsung galaxi s6 edg, samsung galaxi s6 edg, samsung galaxi s6 edg, samsung galaxi s6 edg, samsung galaxi s6 edg, samsung galaxi s6 edg, samsung galaxi s6 edg, samsung galaxi s6 edg, samsung galaxi s6 edg, samsung galaxi s6 edg, samsung galaxi s6 edg, samsung galaxi s6 edg, samsung galaxi s6 edg, samsung galaxi s6 edg, samsung galaxi s6 edg 32gb, samsung galaxi s6 edg 32gb, samsung galaxi s6 edg 32gb, plastic, 3000 mah, 2560 x 1440 pixel, smartphon, smartphon, smartphon, smartphon, smartphon, smartphon, smartphon, smartphon, t mobil, t mobil, t mobil, t mobil, t mobil, t mobil, t mobil, specifi, t, t, t, t, t, t, t, t, t, 2.98, 3, 4, 4, 4, 5, samsung, samsung, samsung, samsung, samsung, samsung, samsung, samsung, samsung, samsung, samsung, samsung, samsung, samsung, samsung, samsung, samsung, samsung, samsung, samsung, samsung, samsung, samsung, samsung, samsung, samsung, samsung, samsung, samsung, samsung, samsung, samsung, t mobil, t mobil, t mobil, t mobil, t mobil, t mobil, t mobil, t, t, t, t, t, t, t, t, t, 4gb, 5, 5.7, 5.7]
Processed;nodef2e03616995fe9b116a9bac82e207d4b.html;[4, 4, 4, 4, nexu, nexu, nexu, nexu, nexu, nexu, nexu, nexu, nexu, nexu, nexu, nexu, nexu, nexu, nexu, nexu, 6p, 6p, 6p, 6p, 6p, 6p, 6p, 6p, 6p, 6p, 6p, 6p, 6p, 6p, 6p, color, color, color, color, 3, 4, 4, 4, 4, 5, 5, 5, huawei, huawei, huawei, huawei, huawei, huawei, huawei, huawei, huawei, huawei, lg, 5, 5, 5]
Processed;nodef8ad5ee0be82c8b8356034bd5443702d.html;[color, color, on, on, on, on, 4, 4, lumia, lumia, lumia, lumia, lumia, lumia, lumia, lumia, lumia, lumia, lumia, lumia, lumia, lumia, lumia, lumia, lumia, lumia, lumia, lumia, lumia, lumia, 6, 6, 920, 920, 920, 920, 920, 920, 920, 920, 920, 920, 920, 920, 920, 920, 920, 920, 920, 920, 920, 920, 920, 32gb, 32gb, 32gb, 32gb, 32gb, 32gb, 32gb, 32gb, 32gb, 32gb, 32gb, red, red, red, red, red, red, red, red, red, red, black, nokia lumia 920, nokia lumia 920, nokia lumia 920, nokia lumia 920, nokia lumia 920, nokia lumia 920, nokia lumia 920, nokia lumia 920, nokia lumia 920, nokia lumia 920, nokia lumia 920, nokia lumia 920, nokia lumia 920, nokia lumia 920, nokia lumia 920, nokia lumia 920, nokia lumia 920, nokia lumia 920, nokia lumia 920, nokia lumia 920, nokia lumia 820, plastic, 2000 mah, android phone, smartphon, smartphon, smartphon, smartphon, smartphon, smartphon, smartphon, smartphon, smartphon, smartphon, smartphon, smartphon, smartphon, smartphon, smartphon, smartphon, smartphon, smartphon, smartphon, smartphon, window smartphon, window phone, window phone, window phone, microsoft window phone 8, specifi, specifi, t, t, t, t, 3, 3, 3, 3, 4, 4, 5, 5, 5, 5, 5, 5, samsung, nokia, nokia, nokia, nokia, nokia, nokia, nokia, nokia, nokia, nokia, nokia, nokia, nokia, nokia, nokia, nokia, nokia, nokia, nokia, nokia, nokia, nokia, nokia, nokia, nokia, nokia, nokia, nokia, t, t, t, t, lg, 5, 5, 5, 5, 5, 5]
Processed;nodef9c2495474b9c4a4ee3dcd4114d1521.html;[4, 4, 4, lumia, lumia, lumia, lumia, lumia, 6, on, color, green, 3, 3, 4, 4, 4, 5, 5, 5, 5, 3.7, nokia, nokia, nokia, nokia, nokia, 5, 5, 5, 5]
